system:index,box_name,cloud_pct,date,glacier_area_m2,product_id,year,.geo
1_1_1_1_1_1_1_1_1_1_1_1_1_1_1_1_1_1_1_1_2_20190307T142751_20190307T143547_T18FXJ,grey,21.247137,2019-03-07,7.553438210808745E7,S2A_MSIL2A_20190307T142751_N0211_R053_T18FXJ_20190307T183133,2019,"{""type"":""MultiPoint"",""coordinates"":[]}"
1_1_1_1_1_1_1_1_1_1_1_1_1_1_1_1_1_1_1_1_2_20190215T142851_20190215T143646_T18FXJ,grey,38.455699,2019-02-15,7.553438210808745E7,S2A_MSIL2A_20190215T142851_N0211_R053_T18FXJ_20190215T183347,2019,"{""type"":""MultiPoint"",""coordinates"":[]}"
1_1_1_1_1_1_1_1_1_1_1_1_1_1_1_1_1_1_1_1_2_20190312T142849_20190312T144100_T18FXJ,grey,38.676701,2019-03-12,7.553438210808745E7,S2B_MSIL2A_20190312T142849_N0211_R053_T18FXJ_20190312T213213,2019,"{""type"":""MultiPoint"",""coordinates"":[]}"
1_1_1_1_1_1_1_1_1_1_1_1_1_1_1_1_1_1_1_2_20200220T142651_20200220T143545_T18FXJ,grey,4.321875,2020-02-20,6.3182708425598904E7,S2A_MSIL2A_20200220T142651_N0214_R053_T18FXJ_20200220T184526,2020,"{""type"":""MultiPoint"",""coordinates"":[]}"
1_1_1_1_1_1_1_1_1_1_1_1_1_1_1_1_1_1_1_2_20200207T141731_20200207T142653_T18FXJ,grey,16.776313,2020-02-07,6.3182708425598904E7,S2A_MSIL2A_20200207T141731_N0214_R010_T18FXJ_20200207T182344,2020,"{""type"":""MultiPoint"",""coordinates"":[]}"
1_1_1_1_1_1_1_1_1_1_1_1_1_1_1_1_1_1_1_2_20200313T141739_20200313T143550_T18FXJ,grey,22.379414,2020-03-13,6.3182708425598904E7,S2B_MSIL2A_20200313T141739_N0214_R010_T18FXJ_20200313T192607,2020,"{""type"":""MultiPoint"",""coordinates"":[]}"
1_1_1_1_1_1_1_1_1_1_1_1_1_1_1_1_1_1_2_20210226T141739_20210226T142744_T18FXJ,grey,0.794116,2021-02-26,6.171135399091475E7,S2B_MSIL2A_20210226T141739_N0214_R010_T18FXJ_20210226T183841,2021,"{""type"":""MultiPoint"",""coordinates"":[]}"
1_1_1_1_1_1_1_1_1_1_1_1_1_1_1_1_1_1_2_20210115T142731_20210115T143716_T18FXJ,grey,1.569634,2021-01-15,6.171135399091475E7,S2A_MSIL2A_20210115T142731_N0214_R053_T18FXJ_20210115T183847,2021,"{""type"":""MultiPoint"",""coordinates"":[]}"
1_1_1_1_1_1_1_1_1_1_1_1_1_1_1_1_1_1_2_20210303T141741_20210303T143552_T18FXJ,grey,3.828345,2021-03-03,6.171135399091475E7,S2A_MSIL2A_20210303T141741_N0214_R010_T18FXJ_20210303T180313,2021,"{""type"":""MultiPoint"",""coordinates"":[]}"
1_1_1_1_1_1_1_1_1_1_1_1_1_1_1_1_1_2_20220221T141729_20220221T143641_T18FXJ,grey,0.368517,2022-02-21,6.074697942898157E7,S2B_MSIL2A_20220221T141729_N0400_R010_T18FXJ_20220221T183844,2022,"{""type"":""MultiPoint"",""coordinates"":[]}"
1_1_1_1_1_1_1_1_1_1_1_1_1_1_1_1_1_2_20220120T142731_20220120T144504_T18FXJ,grey,0.817926,2022-01-20,6.074697942898157E7,S2A_MSIL2A_20220120T142731_N0301_R053_T18FXJ_20220120T201631,2022,"{""type"":""MultiPoint"",""coordinates"":[]}"
1_1_1_1_1_1_1_1_1_1_1_1_1_1_1_1_1_2_20220127T141741_20220127T143146_T18FXJ,grey,4.531261,2022-01-27,6.074697942898157E7,S2A_MSIL2A_20220127T141741_N0400_R010_T18FXJ_20220127T204046,2022,"{""type"":""MultiPoint"",""coordinates"":[]}"
1_1_1_1_1_1_1_1_1_1_1_1_1_1_1_1_2_20230311T142719_20230311T144439_T18FXJ,grey,16.231936,2023-03-11,6.5214122774775594E7,S2B_MSIL2A_20230311T142719_N0509_R053_T18FXJ_20230311T195338,2023,"{""type"":""MultiPoint"",""coordinates"":[]}"
1_1_1_1_1_1_1_1_1_1_1_1_1_1_1_1_2_20230117T141709_20230117T142725_T18FXJ,grey,24.738395,2023-01-17,6.5214122774775594E7,S2B_MSIL2A_20230117T141709_N0509_R010_T18FXJ_20230117T181551,2023,"{""type"":""MultiPoint"",""coordinates"":[]}"
1_1_1_1_1_1_1_1_1_1_1_1_1_1_1_1_2_20230130T142709_20230130T144439_T18FXJ,grey,58.99747,2023-01-30,6.5214122774775594E7,S2B_MSIL2A_20230130T142709_N0509_R053_T18FXJ_20230130T181434,2023,"{""type"":""MultiPoint"",""coordinates"":[]}"
1_1_1_1_1_1_1_1_1_1_1_1_1_1_1_2_20240226T141711_20240226T143616_T18FXJ,grey,24.685346,2024-02-26,5.173846555382053E7,S2A_MSIL2A_20240226T141711_N0510_R010_T18FXJ_20240226T201355,2024,"{""type"":""MultiPoint"",""coordinates"":[]}"
1_1_1_1_1_1_1_1_1_1_1_1_1_1_1_2_20240206T141711_20240206T142451_T18FXJ,grey,37.008125,2024-02-06,5.173846555382053E7,S2A_MSIL2A_20240206T141711_N0510_R010_T18FXJ_20240206T200750,2024,"{""type"":""MultiPoint"",""coordinates"":[]}"
1_1_1_1_1_1_1_1_1_1_1_1_1_1_1_2_20240201T141709_20240201T143222_T18FXJ,grey,45.418686,2024-02-01,5.173846555382053E7,S2B_MSIL2A_20240201T141709_N0510_R010_T18FXJ_20240201T210103,2024,"{""type"":""MultiPoint"",""coordinates"":[]}"
1_1_1_1_1_1_1_1_1_1_1_1_1_1_2_20250225T141719_20250225T143316_T18FXJ,grey,47.850057,2025-02-25,5.795133919069805E7,S2B_MSIL2A_20250225T141719_N0511_R010_T18FXJ_20250225T192637,2025,"{""type"":""MultiPoint"",""coordinates"":[]}"
1_1_1_1_1_1_1_1_1_1_1_1_1_1_2_20250131T141821_20250131T143416_T18FXJ,grey,50.449163,2025-01-31,5.795133919069805E7,S2C_MSIL2A_20250131T141821_N0511_R010_T18FXJ_20250131T204412,2025,"{""type"":""MultiPoint"",""coordinates"":[]}"
1_1_1_1_1_1_1_1_1_1_1_1_1_1_2_20250315T142811_20250315T144341_T18FXJ,grey,56.816107,2025-03-15,5.795133919069805E7,S2C_MSIL2A_20250315T142811_N0511_R053_T18FXJ_20250315T190312,2025,"{""type"":""MultiPoint"",""coordinates"":[]}"
1_1_1_1_1_1_1_1_1_1_1_1_1_2_20190205T142751_20190205T143545_T18FXM,de_monar,28.35042,2019-02-05,6.2536829535114035E7,S2A_MSIL2A_20190205T142751_N0211_R053_T18FXM_20190205T183930,2019,"{""type"":""MultiPoint"",""coordinates"":[]}"
1_1_1_1_1_1_1_1_1_1_1_1_1_2_20190116T142751_20190116T143701_T18FXM,de_monar,38.73787,2019-01-16,6.2536829535114035E7,S2A_MSIL2A_20190116T142751_N0211_R053_T18FXM_20190116T183638,2019,"{""type"":""MultiPoint"",""coordinates"":[]}"
1_1_1_1_1_1_1_1_1_1_1_1_1_2_20190210T142749_20190210T144243_T18FXM,de_monar,41.251473,2019-02-10,6.2536829535114035E7,S2B_MSIL2A_20190210T142749_N0211_R053_T18FXM_20190210T194008,2019,"{""type"":""MultiPoint"",""coordinates"":[]}"
1_1_1_1_1_1_1_1_1_1_1_1_2_20200205T142649_20200205T143540_T18FXM,de_monar,13.960362,2020-02-05,6.5433153447302006E7,S2B_MSIL2A_20200205T142649_N0214_R053_T18FXM_20200205T183741,2020,"{""type"":""MultiPoint"",""coordinates"":[]}"
1_1_1_1_1_1_1_1_1_1_1_1_2_20200220T142651_20200220T143545_T18FXM,de_monar,24.076249,2020-02-20,6.5433153447302006E7,S2A_MSIL2A_20200220T142651_N0214_R053_T18FXM_20200220T184526,2020,"{""type"":""MultiPoint"",""coordinates"":[]}"
1_1_1_1_1_1_1_1_1_1_1_1_2_20200210T142721_20200210T143544_T18FXM,de_monar,27.621499,2020-02-10,6.5433153447302006E7,S2A_MSIL2A_20200210T142721_N0214_R053_T18FXM_20200210T183639,2020,"{""type"":""MultiPoint"",""coordinates"":[]}"
1_1_1_1_1_1_1_1_1_1_1_2_20210130T142729_20210130T143602_T18FXM,de_monar,1.06334,2021-01-30,6.683575589890636E7,S2B_MSIL2A_20210130T142729_N0214_R053_T18FXM_20210130T184507,2021,"{""type"":""MultiPoint"",""coordinates"":[]}"
1_1_1_1_1_1_1_1_1_1_1_2_20210209T142729_20210209T143601_T18FXM,de_monar,2.832638,2021-02-09,6.683575589890636E7,S2B_MSIL2A_20210209T142729_N0214_R053_T18FXM_20210209T184013,2021,"{""type"":""MultiPoint"",""coordinates"":[]}"
1_1_1_1_1_1_1_1_1_1_1_2_20210204T142731_20210204T143602_T18FXM,de_monar,5.831311,2021-02-04,6.683575589890636E7,S2A_MSIL2A_20210204T142731_N0214_R053_T18FXM_20210204T184022,2021,"{""type"":""MultiPoint"",""coordinates"":[]}"
1_1_1_1_1_1_1_1_1_1_2_20220120T142731_20220120T144504_T18FXM,de_monar,1.529128,2022-01-20,6.659553137457955E7,S2A_MSIL2A_20220120T142731_N0301_R053_T18FXM_20220120T201631,2022,"{""type"":""MultiPoint"",""coordinates"":[]}"
1_1_1_1_1_1_1_1_1_1_2_20220204T142729_20220204T143557_T18FXM,de_monar,19.124089,2022-02-04,6.659553137457955E7,S2B_MSIL2A_20220204T142729_N0400_R053_T18FXM_20220204T183533,2022,"{""type"":""MultiPoint"",""coordinates"":[]}"
1_1_1_1_1_1_1_1_1_1_2_20220125T142729_20220125T144307_T18FXM,de_monar,38.018933,2022-01-25,6.659553137457955E7,S2B_MSIL2A_20220125T142729_N0400_R053_T18FXM_20220125T191223,2022,"{""type"":""MultiPoint"",""coordinates"":[]}"
1_1_1_1_1_1_1_1_1_2_20230219T142709_20230219T143420_T18FXM,de_monar,37.182969,2023-02-19,7.306158643964551E7,S2B_MSIL2A_20230219T142709_N0509_R053_T18FXM_20230219T190809,2023,"{""type"":""MultiPoint"",""coordinates"":[]}"
1_1_1_1_1_1_1_1_1_2_20230130T142709_20230130T144439_T18FXM,de_monar,67.474258,2023-01-30,7.306158643964551E7,S2B_MSIL2A_20230130T142709_N0509_R053_T18FXM_20230130T181434,2023,"{""type"":""MultiPoint"",""coordinates"":[]}"
1_1_1_1_1_1_1_1_1_2_20230224T142711_20230224T144309_T18FXM,de_monar,74.829084,2023-02-24,7.306158643964551E7,S2A_MSIL2A_20230224T142711_N0509_R053_T18FXM_20230224T205300,2023,"{""type"":""MultiPoint"",""coordinates"":[]}"
1_1_1_1_1_1_1_1_2_20240209T142711_20240209T143533_T18FXM,de_monar,10.115121,2024-02-09,5.330787368595399E7,S2A_MSIL2A_20240209T142711_N0510_R053_T18FXM_20240209T200459,2024,"{""type"":""MultiPoint"",""coordinates"":[]}"
1_1_1_1_1_1_1_1_2_20240120T142701_20240120T143652_T18FXM,de_monar,42.422226,2024-01-20,5.330787368595399E7,S2A_MSIL2A_20240120T142701_N0510_R053_T18FXM_20240120T200049,2024,"{""type"":""MultiPoint"",""coordinates"":[]}"
1_1_1_1_1_1_1_1_2_20240214T142719_20240214T143603_T18FXM,de_monar,52.015454,2024-02-14,5.330787368595399E7,S2B_MSIL2A_20240214T142719_N0510_R053_T18FXM_20240214T183402,2024,"{""type"":""MultiPoint"",""coordinates"":[]}"
1_1_1_1_1_1_1_2_20250119T142709_20250119T144102_T18FXM,de_monar,52.518082,2025-01-19,6.553507961282681E7,S2B_MSIL2A_20250119T142709_N0511_R053_T18FXM_20250119T194952,2025,"{""type"":""MultiPoint"",""coordinates"":[]}"
1_1_1_1_1_1_1_2_20250213T142821_20250213T144416_T18FXM,de_monar,55.625701,2025-02-13,6.553507961282681E7,S2C_MSIL2A_20250213T142821_N0511_R053_T18FXM_20250213T175756,2025,"{""type"":""MultiPoint"",""coordinates"":[]}"
1_1_1_1_1_1_1_2_20250310T142719_20250310T144241_T18FXM,de_monar,67.601621,2025-03-10,6.553507961282681E7,S2B_MSIL2A_20250310T142719_N0511_R053_T18FXM_20250310T180003,2025,"{""type"":""MultiPoint"",""coordinates"":[]}"
1_1_1_1_1_1_2_20190116T142751_20190116T143701_T18FXL,o'higgins,2.195457,2019-01-16,4.230500803883038E7,S2A_MSIL2A_20190116T142751_N0211_R053_T18FXL_20190116T183638,2019,"{""type"":""MultiPoint"",""coordinates"":[]}"
1_1_1_1_1_1_2_20190202T142031_20190202T143029_T18FXL,o'higgins,3.664582,2019-02-02,4.230500803883038E7,S2A_MSIL2A_20190202T142031_N0211_R010_T18FXL_20190202T181337,2019,"{""type"":""MultiPoint"",""coordinates"":[]}"
1_1_1_1_1_1_2_20190307T142751_20190307T143547_T18FXL,o'higgins,4.82163,2019-03-07,4.230500803883038E7,S2A_MSIL2A_20190307T142751_N0211_R053_T18FXL_20190307T183133,2019,"{""type"":""MultiPoint"",""coordinates"":[]}"
1_1_1_1_1_2_20200220T142651_20200220T143545_T18FXL,o'higgins,5.608009,2020-02-20,4.08406706425789E7,S2A_MSIL2A_20200220T142651_N0214_R053_T18FXL_20200220T184526,2020,"{""type"":""MultiPoint"",""coordinates"":[]}"
1_1_1_1_1_2_20200227T141731_20200227T142443_T18FXL,o'higgins,8.29562,2020-02-27,4.08406706425789E7,S2A_MSIL2A_20200227T141731_N0214_R010_T18FXL_20200227T185707,2020,"{""type"":""MultiPoint"",""coordinates"":[]}"
1_1_1_1_1_2_20200205T142649_20200205T143540_T18FXL,o'higgins,9.079267,2020-02-05,4.08406706425789E7,S2B_MSIL2A_20200205T142649_N0214_R053_T18FXL_20200205T183741,2020,"{""type"":""MultiPoint"",""coordinates"":[]}"
1_1_1_1_2_20210226T141739_20210226T142744_T18FXL,o'higgins,0.338286,2021-02-26,3.9512583563277E7,S2B_MSIL2A_20210226T141739_N0214_R010_T18FXL_20210226T183841,2021,"{""type"":""MultiPoint"",""coordinates"":[]}"
1_1_1_1_2_20210303T141741_20210303T143552_T18FXL,o'higgins,1.210245,2021-03-03,3.9512583563277E7,S2A_MSIL2A_20210303T141741_N0214_R010_T18FXL_20210303T180313,2021,"{""type"":""MultiPoint"",""coordinates"":[]}"
1_1_1_1_2_20210130T142729_20210130T143602_T18FXL,o'higgins,2.502075,2021-01-30,3.9512583563277E7,S2B_MSIL2A_20210130T142729_N0214_R053_T18FXL_20210130T184507,2021,"{""type"":""MultiPoint"",""coordinates"":[]}"
1_1_1_2_20220127T141741_20220127T143146_T18FXL,o'higgins,1.439604,2022-01-27,3.759177716729792E7,S2A_MSIL2A_20220127T141741_N0400_R010_T18FXL_20220127T204046,2022,"{""type"":""MultiPoint"",""coordinates"":[]}"
1_1_1_2_20220120T142731_20220120T144504_T18FXL,o'higgins,4.841542,2022-01-20,3.759177716729792E7,S2A_MSIL2A_20220120T142731_N0301_R053_T18FXL_20220120T201631,2022,"{""type"":""MultiPoint"",""coordinates"":[]}"
1_1_1_2_20220221T141729_20220221T142400_T18FXL,o'higgins,5.033649,2022-02-21,3.759177716729792E7,S2B_MSIL2A_20220221T141729_N0400_R010_T18FXL_20220221T183002,2022,"{""type"":""MultiPoint"",""coordinates"":[]}"
1_1_2_20230117T141709_20230117T142725_T18FXL,o'higgins,4.032041,2023-01-17,3.557178664922793E7,S2B_MSIL2A_20230117T141709_N0509_R010_T18FXL_20230117T181551,2023,"{""type"":""MultiPoint"",""coordinates"":[]}"
1_1_2_20230130T142709_20230130T144439_T18FXL,o'higgins,31.996012,2023-01-30,3.557178664922793E7,S2B_MSIL2A_20230130T142709_N0509_R053_T18FXL_20230130T181434,2023,"{""type"":""MultiPoint"",""coordinates"":[]}"
1_1_2_20230201T141711_20230201T142930_T18FXL,o'higgins,34.156796,2023-02-01,3.557178664922793E7,S2A_MSIL2A_20230201T141711_N0509_R010_T18FXL_20230201T212259,2023,"{""type"":""MultiPoint"",""coordinates"":[]}"
1_2_20240120T142701_20240120T143652_T18FXL,o'higgins,24.717811,2024-01-20,3.1791830509575322E7,S2A_MSIL2A_20240120T142701_N0510_R053_T18FXL_20240120T200049,2024,"{""type"":""MultiPoint"",""coordinates"":[]}"
1_2_20240216T141711_20240216T143510_T18FXL,o'higgins,27.986255,2024-02-16,3.1791830509575322E7,S2A_MSIL2A_20240216T141711_N0510_R010_T18FXL_20240216T184452,2024,"{""type"":""MultiPoint"",""coordinates"":[]}"
1_2_20240115T142709_20240115T144553_T18FXL,o'higgins,30.221635,2024-01-15,3.1791830509575322E7,S2B_MSIL2A_20240115T142709_N0510_R053_T18FXL_20240115T180302,2024,"{""type"":""MultiPoint"",""coordinates"":[]}"
2_20250215T141719_20250215T142731_T18FXL,o'higgins,26.647553,2025-02-15,3.393381305103769E7,S2B_MSIL2A_20250215T141719_N0511_R010_T18FXL_20250215T175651,2025,"{""type"":""MultiPoint"",""coordinates"":[]}"
2_20250225T141719_20250225T143316_T18FXL,o'higgins,29.141319,2025-02-25,3.393381305103769E7,S2B_MSIL2A_20250225T141719_N0511_R010_T18FXL_20250225T192637,2025,"{""type"":""MultiPoint"",""coordinates"":[]}"
2_20250310T142719_20250310T144241_T18FXL,o'higgins,32.855466,2025-03-10,3.393381305103769E7,S2B_MSIL2A_20250310T142719_N0511_R053_T18FXL_20250310T180003,2025,"{""type"":""MultiPoint"",""coordinates"":[]}"
